<term>
    <x>-5.414301</x>
    <y>-2.381051</y>
</term>
<term>
    <x>-0.002008</x>
    <y>0.002013</y>
</term>
<term>
    <x>44.578968</x>
    <y>-14.115127</y>
</term>
<term>
    <x>-0.098114</x>
    <y>0.093362</y>
</term>
<term>
    <x>-0.085710</x>
    <y>0.052076</y>
</term>
<term>
    <x>0.421808</x>
    <y>-0.150766</y>
</term>
<nRefPoints>16</nRefPoints>
<referencepoint>
    <x>9.594999</x>
    <y>1073.604980</y>
</referencepoint>
<inputaverage>
    <x>-81.343185</x>
    <y>1140.943115</y>
</inputaverage>
<referencepoint>
    <x>642.864990</x>
    <y>1073.604980</y>
</referencepoint>
<inputaverage>
    <x>566.612183</x>
    <y>1127.472534</y>
</inputaverage>
<referencepoint>
    <x>1276.135010</x>
    <y>1073.604980</y>
</referencepoint>
<inputaverage>
    <x>1296.807251</x>
    <y>1097.170044</y>
</inputaverage>
<referencepoint>
    <x>1909.405029</x>
    <y>1073.604980</y>
</referencepoint>
<inputaverage>
    <x>1874.539429</x>
    <y>1058.121704</y>
</inputaverage>
<referencepoint>
    <x>1909.405029</x>
    <y>717.534973</y>
</referencepoint>
<inputaverage>
    <x>1936.655029</x>
    <y>698.115173</y>
</inputaverage>
<referencepoint>
    <x>1276.135010</x>
    <y>717.534973</y>
</referencepoint>
<inputaverage>
    <x>1385.953613</x>
    <y>683.842712</y>
</inputaverage>
<referencepoint>
    <x>642.864990</x>
    <y>717.534973</y>
</referencepoint>
<inputaverage>
    <x>702.200562</x>
    <y>663.648804</y>
</inputaverage>
<referencepoint>
    <x>9.594999</x>
    <y>717.534973</y>
</referencepoint>
<inputaverage>
    <x>68.116470</x>
    <y>659.545410</y>
</inputaverage>
<referencepoint>
    <x>9.594999</x>
    <y>361.464996</y>
</referencepoint>
<inputaverage>
    <x>59.378986</x>
    <y>329.945831</y>
</inputaverage>
<referencepoint>
    <x>642.864990</x>
    <y>361.464996</y>
</referencepoint>
<inputaverage>
    <x>678.178772</x>
    <y>302.052887</y>
</inputaverage>
<referencepoint>
    <x>1276.135010</x>
    <y>361.464996</y>
</referencepoint>
<inputaverage>
    <x>1354.693237</x>
    <y>313.572723</y>
</inputaverage>
<referencepoint>
    <x>1909.405029</x>
    <y>361.464996</y>
</referencepoint>
<inputaverage>
    <x>1900.145996</x>
    <y>353.219330</y>
</inputaverage>
<referencepoint>
    <x>1909.405029</x>
    <y>5.395000</y>
</referencepoint>
<inputaverage>
    <x>1814.318970</x>
    <y>91.643600</y>
</inputaverage>
<referencepoint>
    <x>1276.135010</x>
    <y>5.395000</y>
</referencepoint>
<inputaverage>
    <x>1232.822510</x>
    <y>45.205585</y>
</inputaverage>
<referencepoint>
    <x>642.864990</x>
    <y>5.395000</y>
</referencepoint>
<inputaverage>
    <x>572.451477</x>
    <y>22.624020</y>
</inputaverage>
<referencepoint>
    <x>9.594999</x>
    <y>5.395000</y>
</referencepoint>
<inputaverage>
    <x>-8.734255</x>
    <y>54.746048</y>
</inputaverage>
<nEyeRawInputPoints>354</nEyeRawInputPoints>
<eyePoints>
    <x>245.686783</x>
    <y>138.477402</y>
</eyePoints>
<eyePoints>
    <x>245.686783</x>
    <y>138.477402</y>
</eyePoints>
<eyePoints>
    <x>245.620529</x>
    <y>138.483475</y>
</eyePoints>
<eyePoints>
    <x>245.620529</x>
    <y>138.483475</y>
</eyePoints>
<eyePoints>
    <x>245.699234</x>
    <y>138.531525</y>
</eyePoints>
<eyePoints>
    <x>245.699234</x>
    <y>138.531525</y>
</eyePoints>
<eyePoints>
    <x>245.762527</x>
    <y>138.361069</y>
</eyePoints>
<eyePoints>
    <x>245.970322</x>
    <y>138.239304</y>
</eyePoints>
<eyePoints>
    <x>245.970322</x>
    <y>138.239304</y>
</eyePoints>
<eyePoints>
    <x>246.008392</x>
    <y>138.261429</y>
</eyePoints>
<eyePoints>
    <x>246.008392</x>
    <y>138.261429</y>
</eyePoints>
<eyePoints>
    <x>246.178619</x>
    <y>138.158539</y>
</eyePoints>
<eyePoints>
    <x>246.178619</x>
    <y>138.158539</y>
</eyePoints>
<eyePoints>
    <x>246.361008</x>
    <y>138.253494</y>
</eyePoints>
<eyePoints>
    <x>246.361008</x>
    <y>138.253494</y>
</eyePoints>
<eyePoints>
    <x>246.413452</x>
    <y>138.088394</y>
</eyePoints>
<eyePoints>
    <x>246.413452</x>
    <y>138.088394</y>
</eyePoints>
<eyePoints>
    <x>246.413452</x>
    <y>138.088394</y>
</eyePoints>
<eyePoints>
    <x>246.565247</x>
    <y>138.006042</y>
</eyePoints>
<eyePoints>
    <x>246.565247</x>
    <y>138.006042</y>
</eyePoints>
<eyePoints>
    <x>209.188080</x>
    <y>147.165710</y>
</eyePoints>
<eyePoints>
    <x>209.188080</x>
    <y>147.165710</y>
</eyePoints>
<eyePoints>
    <x>209.020035</x>
    <y>147.105438</y>
</eyePoints>
<eyePoints>
    <x>209.020035</x>
    <y>147.105438</y>
</eyePoints>
<eyePoints>
    <x>209.327606</x>
    <y>147.174942</y>
</eyePoints>
<eyePoints>
    <x>209.327606</x>
    <y>147.174942</y>
</eyePoints>
<eyePoints>
    <x>209.413452</x>
    <y>147.302902</y>
</eyePoints>
<eyePoints>
    <x>209.413452</x>
    <y>147.302902</y>
</eyePoints>
<eyePoints>
    <x>209.413452</x>
    <y>147.302902</y>
</eyePoints>
<eyePoints>
    <x>209.834747</x>
    <y>146.946823</y>
</eyePoints>
<eyePoints>
    <x>209.834747</x>
    <y>146.946823</y>
</eyePoints>
<eyePoints>
    <x>209.463394</x>
    <y>146.319748</y>
</eyePoints>
<eyePoints>
    <x>209.463394</x>
    <y>146.319748</y>
</eyePoints>
<eyePoints>
    <x>209.806534</x>
    <y>146.294449</y>
</eyePoints>
<eyePoints>
    <x>209.806534</x>
    <y>146.294449</y>
</eyePoints>
<eyePoints>
    <x>210.149887</x>
    <y>146.130157</y>
</eyePoints>
<eyePoints>
    <x>210.149887</x>
    <y>146.130157</y>
</eyePoints>
<eyePoints>
    <x>210.222168</x>
    <y>146.079865</y>
</eyePoints>
<eyePoints>
    <x>210.222168</x>
    <y>146.079865</y>
</eyePoints>
<eyePoints>
    <x>210.460022</x>
    <y>145.976227</y>
</eyePoints>
<eyePoints>
    <x>210.460022</x>
    <y>145.976227</y>
</eyePoints>
<eyePoints>
    <x>210.642288</x>
    <y>145.958511</y>
</eyePoints>
<eyePoints>
    <x>210.711258</x>
    <y>145.889542</y>
</eyePoints>
<eyePoints>
    <x>210.711258</x>
    <y>145.889542</y>
</eyePoints>
<eyePoints>
    <x>171.008636</x>
    <y>155.563919</y>
</eyePoints>
<eyePoints>
    <x>171.008636</x>
    <y>155.563919</y>
</eyePoints>
<eyePoints>
    <x>170.795761</x>
    <y>155.631195</y>
</eyePoints>
<eyePoints>
    <x>170.795761</x>
    <y>155.631195</y>
</eyePoints>
<eyePoints>
    <x>170.810608</x>
    <y>155.582291</y>
</eyePoints>
<eyePoints>
    <x>170.810608</x>
    <y>155.582291</y>
</eyePoints>
<eyePoints>
    <x>170.934189</x>
    <y>155.585159</y>
</eyePoints>
<eyePoints>
    <x>170.934189</x>
    <y>155.585159</y>
</eyePoints>
<eyePoints>
    <x>171.075821</x>
    <y>155.450928</y>
</eyePoints>
<eyePoints>
    <x>171.095947</x>
    <y>155.455231</y>
</eyePoints>
<eyePoints>
    <x>171.095947</x>
    <y>155.455231</y>
</eyePoints>
<eyePoints>
    <x>170.938675</x>
    <y>155.390076</y>
</eyePoints>
<eyePoints>
    <x>170.938675</x>
    <y>155.390076</y>
</eyePoints>
<eyePoints>
    <x>170.934021</x>
    <y>155.373306</y>
</eyePoints>
<eyePoints>
    <x>170.934021</x>
    <y>155.373306</y>
</eyePoints>
<eyePoints>
    <x>171.069153</x>
    <y>155.228012</y>
</eyePoints>
<eyePoints>
    <x>171.069153</x>
    <y>155.228012</y>
</eyePoints>
<eyePoints>
    <x>171.091095</x>
    <y>155.336426</y>
</eyePoints>
<eyePoints>
    <x>171.091095</x>
    <y>155.336426</y>
</eyePoints>
<eyePoints>
    <x>171.085419</x>
    <y>155.166992</y>
</eyePoints>
<eyePoints>
    <x>171.085419</x>
    <y>155.166992</y>
</eyePoints>
<eyePoints>
    <x>141.516129</x>
    <y>161.928131</y>
</eyePoints>
<eyePoints>
    <x>141.516129</x>
    <y>161.928131</y>
</eyePoints>
<eyePoints>
    <x>141.451660</x>
    <y>161.900681</y>
</eyePoints>
<eyePoints>
    <x>141.451660</x>
    <y>161.900681</y>
</eyePoints>
<eyePoints>
    <x>141.548615</x>
    <y>161.815842</y>
</eyePoints>
<eyePoints>
    <x>141.548615</x>
    <y>161.815842</y>
</eyePoints>
<eyePoints>
    <x>141.565445</x>
    <y>161.876770</y>
</eyePoints>
<eyePoints>
    <x>141.565445</x>
    <y>161.876770</y>
</eyePoints>
<eyePoints>
    <x>141.530136</x>
    <y>161.958054</y>
</eyePoints>
<eyePoints>
    <x>141.530136</x>
    <y>161.958054</y>
</eyePoints>
<eyePoints>
    <x>141.530136</x>
    <y>161.958054</y>
</eyePoints>
<eyePoints>
    <x>141.546082</x>
    <y>161.889664</y>
</eyePoints>
<eyePoints>
    <x>141.546082</x>
    <y>161.889664</y>
</eyePoints>
<eyePoints>
    <x>141.614883</x>
    <y>161.817917</y>
</eyePoints>
<eyePoints>
    <x>141.614883</x>
    <y>161.817917</y>
</eyePoints>
<eyePoints>
    <x>141.721939</x>
    <y>161.967178</y>
</eyePoints>
<eyePoints>
    <x>141.721939</x>
    <y>161.967178</y>
</eyePoints>
<eyePoints>
    <x>141.691818</x>
    <y>161.810577</y>
</eyePoints>
<eyePoints>
    <x>141.691818</x>
    <y>161.810577</y>
</eyePoints>
<eyePoints>
    <x>141.611237</x>
    <y>161.834915</y>
</eyePoints>
<eyePoints>
    <x>141.646317</x>
    <y>161.758713</y>
</eyePoints>
<eyePoints>
    <x>141.646317</x>
    <y>161.758713</y>
</eyePoints>
<eyePoints>
    <x>136.333572</x>
    <y>146.885757</y>
</eyePoints>
<eyePoints>
    <x>136.333572</x>
    <y>146.885757</y>
</eyePoints>
<eyePoints>
    <x>136.415024</x>
    <y>146.913849</y>
</eyePoints>
<eyePoints>
    <x>136.415024</x>
    <y>146.913849</y>
</eyePoints>
<eyePoints>
    <x>136.388535</x>
    <y>146.885635</y>
</eyePoints>
<eyePoints>
    <x>136.388535</x>
    <y>146.885635</y>
</eyePoints>
<eyePoints>
    <x>136.448013</x>
    <y>146.755981</y>
</eyePoints>
<eyePoints>
    <x>136.385086</x>
    <y>146.778107</y>
</eyePoints>
<eyePoints>
    <x>136.385086</x>
    <y>146.778107</y>
</eyePoints>
<eyePoints>
    <x>136.324020</x>
    <y>146.916290</y>
</eyePoints>
<eyePoints>
    <x>136.324020</x>
    <y>146.916290</y>
</eyePoints>
<eyePoints>
    <x>136.404724</x>
    <y>146.846527</y>
</eyePoints>
<eyePoints>
    <x>136.404724</x>
    <y>146.846527</y>
</eyePoints>
<eyePoints>
    <x>136.542603</x>
    <y>146.947357</y>
</eyePoints>
<eyePoints>
    <x>136.542603</x>
    <y>146.947357</y>
</eyePoints>
<eyePoints>
    <x>136.572479</x>
    <y>147.017288</y>
</eyePoints>
<eyePoints>
    <x>136.572479</x>
    <y>147.017288</y>
</eyePoints>
<eyePoints>
    <x>136.640732</x>
    <y>146.856171</y>
</eyePoints>
<eyePoints>
    <x>136.640732</x>
    <y>146.856171</y>
</eyePoints>
<eyePoints>
    <x>136.649536</x>
    <y>146.936768</y>
</eyePoints>
<eyePoints>
    <x>136.649536</x>
    <y>146.936768</y>
</eyePoints>
<eyePoints>
    <x>136.721054</x>
    <y>147.028275</y>
</eyePoints>
<eyePoints>
    <x>136.721054</x>
    <y>147.028275</y>
</eyePoints>
<eyePoints>
    <x>136.722366</x>
    <y>147.047348</y>
</eyePoints>
<eyePoints>
    <x>136.722366</x>
    <y>147.047348</y>
</eyePoints>
<eyePoints>
    <x>165.040222</x>
    <y>138.392532</y>
</eyePoints>
<eyePoints>
    <x>165.037827</x>
    <y>138.252289</y>
</eyePoints>
<eyePoints>
    <x>165.037827</x>
    <y>138.252289</y>
</eyePoints>
<eyePoints>
    <x>164.907333</x>
    <y>138.158234</y>
</eyePoints>
<eyePoints>
    <x>164.907333</x>
    <y>138.158234</y>
</eyePoints>
<eyePoints>
    <x>164.956573</x>
    <y>138.238770</y>
</eyePoints>
<eyePoints>
    <x>164.956573</x>
    <y>138.238770</y>
</eyePoints>
<eyePoints>
    <x>165.005920</x>
    <y>138.131577</y>
</eyePoints>
<eyePoints>
    <x>165.005920</x>
    <y>138.131577</y>
</eyePoints>
<eyePoints>
    <x>165.011566</x>
    <y>138.337006</y>
</eyePoints>
<eyePoints>
    <x>165.011566</x>
    <y>138.337006</y>
</eyePoints>
<eyePoints>
    <x>164.965775</x>
    <y>138.363937</y>
</eyePoints>
<eyePoints>
    <x>164.965775</x>
    <y>138.363937</y>
</eyePoints>
<eyePoints>
    <x>164.965775</x>
    <y>138.363937</y>
</eyePoints>
<eyePoints>
    <x>164.889526</x>
    <y>138.470840</y>
</eyePoints>
<eyePoints>
    <x>164.889526</x>
    <y>138.470840</y>
</eyePoints>
<eyePoints>
    <x>164.893051</x>
    <y>138.516205</y>
</eyePoints>
<eyePoints>
    <x>164.893051</x>
    <y>138.516205</y>
</eyePoints>
<eyePoints>
    <x>165.132828</x>
    <y>138.432785</y>
</eyePoints>
<eyePoints>
    <x>164.847641</x>
    <y>138.250427</y>
</eyePoints>
<eyePoints>
    <x>164.847641</x>
    <y>138.250427</y>
</eyePoints>
<eyePoints>
    <x>202.168900</x>
    <y>127.752678</y>
</eyePoints>
<eyePoints>
    <x>202.034363</x>
    <y>127.601166</y>
</eyePoints>
<eyePoints>
    <x>202.034363</x>
    <y>127.601166</y>
</eyePoints>
<eyePoints>
    <x>202.034363</x>
    <y>127.601166</y>
</eyePoints>
<eyePoints>
    <x>202.093185</x>
    <y>127.722618</y>
</eyePoints>
<eyePoints>
    <x>202.093185</x>
    <y>127.722618</y>
</eyePoints>
<eyePoints>
    <x>202.065002</x>
    <y>127.627434</y>
</eyePoints>
<eyePoints>
    <x>202.065002</x>
    <y>127.627434</y>
</eyePoints>
<eyePoints>
    <x>202.084595</x>
    <y>127.527313</y>
</eyePoints>
<eyePoints>
    <x>202.291580</x>
    <y>127.776253</y>
</eyePoints>
<eyePoints>
    <x>202.291580</x>
    <y>127.776253</y>
</eyePoints>
<eyePoints>
    <x>202.177811</x>
    <y>127.606071</y>
</eyePoints>
<eyePoints>
    <x>202.177811</x>
    <y>127.606071</y>
</eyePoints>
<eyePoints>
    <x>202.464203</x>
    <y>127.552689</y>
</eyePoints>
<eyePoints>
    <x>202.464203</x>
    <y>127.552689</y>
</eyePoints>
<eyePoints>
    <x>202.308395</x>
    <y>127.580589</y>
</eyePoints>
<eyePoints>
    <x>202.308395</x>
    <y>127.580589</y>
</eyePoints>
<eyePoints>
    <x>202.491699</x>
    <y>127.606110</y>
</eyePoints>
<eyePoints>
    <x>202.491699</x>
    <y>127.606110</y>
</eyePoints>
<eyePoints>
    <x>202.515121</x>
    <y>127.332901</y>
</eyePoints>
<eyePoints>
    <x>202.515121</x>
    <y>127.332901</y>
</eyePoints>
<eyePoints>
    <x>239.013992</x>
    <y>118.505234</y>
</eyePoints>
<eyePoints>
    <x>238.797516</x>
    <y>118.690643</y>
</eyePoints>
<eyePoints>
    <x>238.797516</x>
    <y>118.690643</y>
</eyePoints>
<eyePoints>
    <x>238.917862</x>
    <y>118.528938</y>
</eyePoints>
<eyePoints>
    <x>238.917862</x>
    <y>118.528938</y>
</eyePoints>
<eyePoints>
    <x>238.943008</x>
    <y>118.443794</y>
</eyePoints>
<eyePoints>
    <x>238.943008</x>
    <y>118.443794</y>
</eyePoints>
<eyePoints>
    <x>238.894363</x>
    <y>118.415085</y>
</eyePoints>
<eyePoints>
    <x>238.894363</x>
    <y>118.415085</y>
</eyePoints>
<eyePoints>
    <x>239.136856</x>
    <y>118.359886</y>
</eyePoints>
<eyePoints>
    <x>239.136856</x>
    <y>118.359886</y>
</eyePoints>
<eyePoints>
    <x>239.053513</x>
    <y>118.280258</y>
</eyePoints>
<eyePoints>
    <x>239.053513</x>
    <y>118.280258</y>
</eyePoints>
<eyePoints>
    <x>239.069641</x>
    <y>118.349594</y>
</eyePoints>
<eyePoints>
    <x>239.069641</x>
    <y>118.349594</y>
</eyePoints>
<eyePoints>
    <x>239.213257</x>
    <y>118.727333</y>
</eyePoints>
<eyePoints>
    <x>239.213257</x>
    <y>118.727333</y>
</eyePoints>
<eyePoints>
    <x>239.213257</x>
    <y>118.727333</y>
</eyePoints>
<eyePoints>
    <x>239.184998</x>
    <y>118.534508</y>
</eyePoints>
<eyePoints>
    <x>239.184998</x>
    <y>118.534508</y>
</eyePoints>
<eyePoints>
    <x>239.205368</x>
    <y>118.652885</y>
</eyePoints>
<eyePoints>
    <x>239.205368</x>
    <y>118.652885</y>
</eyePoints>
<eyePoints>
    <x>239.372757</x>
    <y>118.554474</y>
</eyePoints>
<eyePoints>
    <x>236.775986</x>
    <y>101.466606</y>
</eyePoints>
<eyePoints>
    <x>236.735031</x>
    <y>101.470238</y>
</eyePoints>
<eyePoints>
    <x>236.735031</x>
    <y>101.470238</y>
</eyePoints>
<eyePoints>
    <x>236.685638</x>
    <y>101.463974</y>
</eyePoints>
<eyePoints>
    <x>236.685638</x>
    <y>101.463974</y>
</eyePoints>
<eyePoints>
    <x>236.685638</x>
    <y>101.463974</y>
</eyePoints>
<eyePoints>
    <x>236.671768</x>
    <y>101.472565</y>
</eyePoints>
<eyePoints>
    <x>236.671768</x>
    <y>101.472565</y>
</eyePoints>
<eyePoints>
    <x>236.857498</x>
    <y>101.575974</y>
</eyePoints>
<eyePoints>
    <x>236.877762</x>
    <y>101.525536</y>
</eyePoints>
<eyePoints>
    <x>236.877762</x>
    <y>101.525536</y>
</eyePoints>
<eyePoints>
    <x>237.031158</x>
    <y>101.545250</y>
</eyePoints>
<eyePoints>
    <x>237.031158</x>
    <y>101.545250</y>
</eyePoints>
<eyePoints>
    <x>236.911179</x>
    <y>101.517212</y>
</eyePoints>
<eyePoints>
    <x>236.911179</x>
    <y>101.517212</y>
</eyePoints>
<eyePoints>
    <x>236.944672</x>
    <y>101.378326</y>
</eyePoints>
<eyePoints>
    <x>236.944672</x>
    <y>101.378326</y>
</eyePoints>
<eyePoints>
    <x>236.896942</x>
    <y>101.474228</y>
</eyePoints>
<eyePoints>
    <x>236.896942</x>
    <y>101.474228</y>
</eyePoints>
<eyePoints>
    <x>236.814117</x>
    <y>101.584145</y>
</eyePoints>
<eyePoints>
    <x>236.814117</x>
    <y>101.584145</y>
</eyePoints>
<eyePoints>
    <x>236.694824</x>
    <y>101.663635</y>
</eyePoints>
<eyePoints>
    <x>236.694824</x>
    <y>101.663635</y>
</eyePoints>
<eyePoints>
    <x>198.912659</x>
    <y>108.815346</y>
</eyePoints>
<eyePoints>
    <x>198.786423</x>
    <y>108.792595</y>
</eyePoints>
<eyePoints>
    <x>198.786423</x>
    <y>108.792595</y>
</eyePoints>
<eyePoints>
    <x>198.880936</x>
    <y>108.852432</y>
</eyePoints>
<eyePoints>
    <x>198.880936</x>
    <y>108.852432</y>
</eyePoints>
<eyePoints>
    <x>198.772079</x>
    <y>108.799591</y>
</eyePoints>
<eyePoints>
    <x>198.772079</x>
    <y>108.799591</y>
</eyePoints>
<eyePoints>
    <x>198.756882</x>
    <y>108.831398</y>
</eyePoints>
<eyePoints>
    <x>198.756882</x>
    <y>108.831398</y>
</eyePoints>
<eyePoints>
    <x>198.789001</x>
    <y>108.849342</y>
</eyePoints>
<eyePoints>
    <x>198.789001</x>
    <y>108.849342</y>
</eyePoints>
<eyePoints>
    <x>198.932358</x>
    <y>108.869148</y>
</eyePoints>
<eyePoints>
    <x>198.932358</x>
    <y>108.869148</y>
</eyePoints>
<eyePoints>
    <x>198.857330</x>
    <y>108.679604</y>
</eyePoints>
<eyePoints>
    <x>198.857330</x>
    <y>108.679604</y>
</eyePoints>
<eyePoints>
    <x>199.017487</x>
    <y>108.767982</y>
</eyePoints>
<eyePoints>
    <x>199.017487</x>
    <y>108.767982</y>
</eyePoints>
<eyePoints>
    <x>198.976212</x>
    <y>108.747375</y>
</eyePoints>
<eyePoints>
    <x>198.976212</x>
    <y>108.747375</y>
</eyePoints>
<eyePoints>
    <x>198.976212</x>
    <y>108.747375</y>
</eyePoints>
<eyePoints>
    <x>198.986572</x>
    <y>108.667282</y>
</eyePoints>
<eyePoints>
    <x>199.025452</x>
    <y>108.762611</y>
</eyePoints>
<eyePoints>
    <x>199.025452</x>
    <y>108.762611</y>
</eyePoints>
<eyePoints>
    <x>198.844238</x>
    <y>108.789986</y>
</eyePoints>
<eyePoints>
    <x>160.963516</x>
    <y>119.289871</y>
</eyePoints>
<eyePoints>
    <x>160.963516</x>
    <y>119.289871</y>
</eyePoints>
<eyePoints>
    <x>160.647598</x>
    <y>119.384384</y>
</eyePoints>
<eyePoints>
    <x>160.647598</x>
    <y>119.384384</y>
</eyePoints>
<eyePoints>
    <x>160.647598</x>
    <y>119.384384</y>
</eyePoints>
<eyePoints>
    <x>160.638763</x>
    <y>119.255173</y>
</eyePoints>
<eyePoints>
    <x>160.749893</x>
    <y>119.255966</y>
</eyePoints>
<eyePoints>
    <x>160.749893</x>
    <y>119.255966</y>
</eyePoints>
<eyePoints>
    <x>160.876617</x>
    <y>119.240166</y>
</eyePoints>
<eyePoints>
    <x>160.876617</x>
    <y>119.240166</y>
</eyePoints>
<eyePoints>
    <x>160.920837</x>
    <y>119.238792</y>
</eyePoints>
<eyePoints>
    <x>160.920837</x>
    <y>119.238792</y>
</eyePoints>
<eyePoints>
    <x>160.961304</x>
    <y>119.346008</y>
</eyePoints>
<eyePoints>
    <x>160.961304</x>
    <y>119.346008</y>
</eyePoints>
<eyePoints>
    <x>160.824509</x>
    <y>119.363304</y>
</eyePoints>
<eyePoints>
    <x>160.824509</x>
    <y>119.363304</y>
</eyePoints>
<eyePoints>
    <x>161.180908</x>
    <y>119.488724</y>
</eyePoints>
<eyePoints>
    <x>161.180908</x>
    <y>119.488724</y>
</eyePoints>
<eyePoints>
    <x>132.586472</x>
    <y>129.705734</y>
</eyePoints>
<eyePoints>
    <x>132.586472</x>
    <y>129.705734</y>
</eyePoints>
<eyePoints>
    <x>132.689331</x>
    <y>129.695602</y>
</eyePoints>
<eyePoints>
    <x>132.689331</x>
    <y>129.695602</y>
</eyePoints>
<eyePoints>
    <x>132.685715</x>
    <y>129.631882</y>
</eyePoints>
<eyePoints>
    <x>132.685715</x>
    <y>129.631882</y>
</eyePoints>
<eyePoints>
    <x>132.670303</x>
    <y>129.707809</y>
</eyePoints>
<eyePoints>
    <x>132.670303</x>
    <y>129.707809</y>
</eyePoints>
<eyePoints>
    <x>132.695160</x>
    <y>129.720749</y>
</eyePoints>
<eyePoints>
    <x>132.695160</x>
    <y>129.720749</y>
</eyePoints>
<eyePoints>
    <x>132.842972</x>
    <y>129.553085</y>
</eyePoints>
<eyePoints>
    <x>132.842972</x>
    <y>129.553085</y>
</eyePoints>
<eyePoints>
    <x>132.939972</x>
    <y>129.584946</y>
</eyePoints>
<eyePoints>
    <x>132.939972</x>
    <y>129.584946</y>
</eyePoints>
<eyePoints>
    <x>132.892120</x>
    <y>129.413391</y>
</eyePoints>
<eyePoints>
    <x>132.892120</x>
    <y>129.413391</y>
</eyePoints>
<eyePoints>
    <x>132.907547</x>
    <y>129.424240</y>
</eyePoints>
<eyePoints>
    <x>132.907547</x>
    <y>129.424240</y>
</eyePoints>
<eyePoints>
    <x>132.833191</x>
    <y>129.367920</y>
</eyePoints>
<eyePoints>
    <x>132.833191</x>
    <y>129.367920</y>
</eyePoints>
<eyePoints>
    <x>132.872116</x>
    <y>129.357361</y>
</eyePoints>
<eyePoints>
    <x>132.872116</x>
    <y>129.357361</y>
</eyePoints>
<eyePoints>
    <x>132.820129</x>
    <y>129.370300</y>
</eyePoints>
<eyePoints>
    <x>132.820129</x>
    <y>129.370300</y>
</eyePoints>
<eyePoints>
    <x>128.772308</x>
    <y>113.618652</y>
</eyePoints>
<eyePoints>
    <x>128.772308</x>
    <y>113.618652</y>
</eyePoints>
<eyePoints>
    <x>128.796692</x>
    <y>113.693832</y>
</eyePoints>
<eyePoints>
    <x>128.796692</x>
    <y>113.693832</y>
</eyePoints>
<eyePoints>
    <x>128.695297</x>
    <y>113.679237</y>
</eyePoints>
<eyePoints>
    <x>128.695297</x>
    <y>113.679237</y>
</eyePoints>
<eyePoints>
    <x>128.704926</x>
    <y>113.666245</y>
</eyePoints>
<eyePoints>
    <x>128.704926</x>
    <y>113.666245</y>
</eyePoints>
<eyePoints>
    <x>128.871185</x>
    <y>113.713905</y>
</eyePoints>
<eyePoints>
    <x>128.871185</x>
    <y>113.713905</y>
</eyePoints>
<eyePoints>
    <x>128.781555</x>
    <y>113.689240</y>
</eyePoints>
<eyePoints>
    <x>128.781555</x>
    <y>113.689240</y>
</eyePoints>
<eyePoints>
    <x>128.850006</x>
    <y>113.670296</y>
</eyePoints>
<eyePoints>
    <x>128.850006</x>
    <y>113.670296</y>
</eyePoints>
<eyePoints>
    <x>128.912842</x>
    <y>113.710205</y>
</eyePoints>
<eyePoints>
    <x>128.912842</x>
    <y>113.710205</y>
</eyePoints>
<eyePoints>
    <x>128.899368</x>
    <y>113.826378</y>
</eyePoints>
<eyePoints>
    <x>128.899368</x>
    <y>113.826378</y>
</eyePoints>
<eyePoints>
    <x>128.981705</x>
    <y>113.800514</y>
</eyePoints>
<eyePoints>
    <x>128.981705</x>
    <y>113.800514</y>
</eyePoints>
<eyePoints>
    <x>128.993530</x>
    <y>113.796181</y>
</eyePoints>
<eyePoints>
    <x>128.993530</x>
    <y>113.796181</y>
</eyePoints>
<eyePoints>
    <x>158.230942</x>
    <y>101.850311</y>
</eyePoints>
<eyePoints>
    <x>158.230942</x>
    <y>101.850311</y>
</eyePoints>
<eyePoints>
    <x>158.300705</x>
    <y>101.898193</y>
</eyePoints>
<eyePoints>
    <x>158.300705</x>
    <y>101.898193</y>
</eyePoints>
<eyePoints>
    <x>158.305283</x>
    <y>102.064461</y>
</eyePoints>
<eyePoints>
    <x>158.305283</x>
    <y>102.064461</y>
</eyePoints>
<eyePoints>
    <x>158.444321</x>
    <y>101.921234</y>
</eyePoints>
<eyePoints>
    <x>158.444321</x>
    <y>101.921234</y>
</eyePoints>
<eyePoints>
    <x>158.375381</x>
    <y>101.967400</y>
</eyePoints>
<eyePoints>
    <x>158.375381</x>
    <y>101.967400</y>
</eyePoints>
<eyePoints>
    <x>158.477798</x>
    <y>101.921196</y>
</eyePoints>
<eyePoints>
    <x>158.477798</x>
    <y>101.921196</y>
</eyePoints>
<eyePoints>
    <x>158.464447</x>
    <y>101.833633</y>
</eyePoints>
<eyePoints>
    <x>158.464447</x>
    <y>101.833633</y>
</eyePoints>
<eyePoints>
    <x>158.552322</x>
    <y>101.930038</y>
</eyePoints>
<eyePoints>
    <x>158.552322</x>
    <y>101.930038</y>
</eyePoints>
<eyePoints>
    <x>158.375870</x>
    <y>101.891510</y>
</eyePoints>
<eyePoints>
    <x>158.375870</x>
    <y>101.891510</y>
</eyePoints>
<eyePoints>
    <x>158.585434</x>
    <y>101.973656</y>
</eyePoints>
<eyePoints>
    <x>158.585434</x>
    <y>101.973656</y>
</eyePoints>
<eyePoints>
    <x>158.444443</x>
    <y>101.888031</y>
</eyePoints>
<eyePoints>
    <x>158.444443</x>
    <y>101.888031</y>
</eyePoints>
<eyePoints>
    <x>196.112167</x>
    <y>90.592308</y>
</eyePoints>
<eyePoints>
    <x>196.112167</x>
    <y>90.592308</y>
</eyePoints>
<eyePoints>
    <x>196.045364</x>
    <y>90.673470</y>
</eyePoints>
<eyePoints>
    <x>196.045364</x>
    <y>90.673470</y>
</eyePoints>
<eyePoints>
    <x>196.099976</x>
    <y>90.715271</y>
</eyePoints>
<eyePoints>
    <x>196.099976</x>
    <y>90.715271</y>
</eyePoints>
<eyePoints>
    <x>196.127121</x>
    <y>90.767166</y>
</eyePoints>
<eyePoints>
    <x>196.127121</x>
    <y>90.767166</y>
</eyePoints>
<eyePoints>
    <x>196.031723</x>
    <y>90.761902</y>
</eyePoints>
<eyePoints>
    <x>195.915771</x>
    <y>90.610054</y>
</eyePoints>
<eyePoints>
    <x>195.915771</x>
    <y>90.610054</y>
</eyePoints>
<eyePoints>
    <x>195.958603</x>
    <y>90.646713</y>
</eyePoints>
<eyePoints>
    <x>195.958603</x>
    <y>90.646713</y>
</eyePoints>
<eyePoints>
    <x>195.958603</x>
    <y>90.646713</y>
</eyePoints>
<eyePoints>
    <x>196.050797</x>
    <y>90.540810</y>
</eyePoints>
<eyePoints>
    <x>196.050797</x>
    <y>90.540810</y>
</eyePoints>
<eyePoints>
    <x>196.113556</x>
    <y>90.312782</y>
</eyePoints>
<eyePoints>
    <x>196.113556</x>
    <y>90.312782</y>
</eyePoints>
<eyePoints>
    <x>196.192703</x>
    <y>90.355652</y>
</eyePoints>
<eyePoints>
    <x>196.192703</x>
    <y>90.355652</y>
</eyePoints>
<eyePoints>
    <x>196.068604</x>
    <y>90.393158</y>
</eyePoints>
<eyePoints>
    <x>196.068604</x>
    <y>90.393158</y>
</eyePoints>
<eyePoints>
    <x>234.284409</x>
    <y>84.083412</y>
</eyePoints>
<eyePoints>
    <x>234.284409</x>
    <y>84.083412</y>
</eyePoints>
<eyePoints>
    <x>234.335144</x>
    <y>84.288826</y>
</eyePoints>
<eyePoints>
    <x>234.335144</x>
    <y>84.288826</y>
</eyePoints>
<eyePoints>
    <x>234.349457</x>
    <y>84.308815</y>
</eyePoints>
<eyePoints>
    <x>234.349457</x>
    <y>84.308815</y>
</eyePoints>
<eyePoints>
    <x>234.287949</x>
    <y>84.355202</y>
</eyePoints>
<eyePoints>
    <x>234.287949</x>
    <y>84.355202</y>
</eyePoints>
<eyePoints>
    <x>234.183853</x>
    <y>84.375168</y>
</eyePoints>
<eyePoints>
    <x>234.183853</x>
    <y>84.375168</y>
</eyePoints>
<eyePoints>
    <x>234.193069</x>
    <y>84.578735</y>
</eyePoints>
<eyePoints>
    <x>234.193069</x>
    <y>84.578735</y>
</eyePoints>
<eyePoints>
    <x>234.192261</x>
    <y>84.593727</y>
</eyePoints>
<eyePoints>
    <x>234.192261</x>
    <y>84.593727</y>
</eyePoints>
<eyePoints>
    <x>234.126862</x>
    <y>84.293495</y>
</eyePoints>
<eyePoints>
    <x>234.126862</x>
    <y>84.293495</y>
</eyePoints>
<eyePoints>
    <x>234.035355</x>
    <y>84.232857</y>
</eyePoints>
<eyePoints>
    <x>234.035355</x>
    <y>84.232857</y>
</eyePoints>
<eyePoints>
    <x>234.036697</x>
    <y>84.262840</y>
</eyePoints>
<eyePoints>
    <x>234.036697</x>
    <y>84.262840</y>
</eyePoints>
<eyePoints>
    <x>234.078903</x>
    <y>84.255424</y>
</eyePoints>
<eyePoints>
    <x>233.985306</x>
    <y>84.291634</y>
</eyePoints>
<nScreenRefPoints>354</nScreenRefPoints>
<screenpoints>
    <x>9.594999</x>
    <y>1073.604980</y>
</screenpoints>
<screenpoints>
    <x>9.594999</x>
    <y>1073.604980</y>
</screenpoints>
<screenpoints>
    <x>9.594999</x>
    <y>1073.604980</y>
</screenpoints>
<screenpoints>
    <x>9.594999</x>
    <y>1073.604980</y>
</screenpoints>
<screenpoints>
    <x>9.594999</x>
    <y>1073.604980</y>
</screenpoints>
<screenpoints>
    <x>9.594999</x>
    <y>1073.604980</y>
</screenpoints>
<screenpoints>
    <x>9.594999</x>
    <y>1073.604980</y>
</screenpoints>
<screenpoints>
    <x>9.594999</x>
    <y>1073.604980</y>
</screenpoints>
<screenpoints>
    <x>9.594999</x>
    <y>1073.604980</y>
</screenpoints>
<screenpoints>
    <x>9.594999</x>
    <y>1073.604980</y>
</screenpoints>
<screenpoints>
    <x>9.594999</x>
    <y>1073.604980</y>
</screenpoints>
<screenpoints>
    <x>9.594999</x>
    <y>1073.604980</y>
</screenpoints>
<screenpoints>
    <x>9.594999</x>
    <y>1073.604980</y>
</screenpoints>
<screenpoints>
    <x>9.594999</x>
    <y>1073.604980</y>
</screenpoints>
<screenpoints>
    <x>9.594999</x>
    <y>1073.604980</y>
</screenpoints>
<screenpoints>
    <x>9.594999</x>
    <y>1073.604980</y>
</screenpoints>
<screenpoints>
    <x>9.594999</x>
    <y>1073.604980</y>
</screenpoints>
<screenpoints>
    <x>9.594999</x>
    <y>1073.604980</y>
</screenpoints>
<screenpoints>
    <x>9.594999</x>
    <y>1073.604980</y>
</screenpoints>
<screenpoints>
    <x>9.594999</x>
    <y>1073.604980</y>
</screenpoints>
<screenpoints>
    <x>642.864990</x>
    <y>1073.604980</y>
</screenpoints>
<screenpoints>
    <x>642.864990</x>
    <y>1073.604980</y>
</screenpoints>
<screenpoints>
    <x>642.864990</x>
    <y>1073.604980</y>
</screenpoints>
<screenpoints>
    <x>642.864990</x>
    <y>1073.604980</y>
</screenpoints>
<screenpoints>
    <x>642.864990</x>
    <y>1073.604980</y>
</screenpoints>
<screenpoints>
    <x>642.864990</x>
    <y>1073.604980</y>
</screenpoints>
<screenpoints>
    <x>642.864990</x>
    <y>1073.604980</y>
</screenpoints>
<screenpoints>
    <x>642.864990</x>
    <y>1073.604980</y>
</screenpoints>
<screenpoints>
    <x>642.864990</x>
    <y>1073.604980</y>
</screenpoints>
<screenpoints>
    <x>642.864990</x>
    <y>1073.604980</y>
</screenpoints>
<screenpoints>
    <x>642.864990</x>
    <y>1073.604980</y>
</screenpoints>
<screenpoints>
    <x>642.864990</x>
    <y>1073.604980</y>
</screenpoints>
<screenpoints>
    <x>642.864990</x>
    <y>1073.604980</y>
</screenpoints>
<screenpoints>
    <x>642.864990</x>
    <y>1073.604980</y>
</screenpoints>
<screenpoints>
    <x>642.864990</x>
    <y>1073.604980</y>
</screenpoints>
<screenpoints>
    <x>642.864990</x>
    <y>1073.604980</y>
</screenpoints>
<screenpoints>
    <x>642.864990</x>
    <y>1073.604980</y>
</screenpoints>
<screenpoints>
    <x>642.864990</x>
    <y>1073.604980</y>
</screenpoints>
<screenpoints>
    <x>642.864990</x>
    <y>1073.604980</y>
</screenpoints>
<screenpoints>
    <x>642.864990</x>
    <y>1073.604980</y>
</screenpoints>
<screenpoints>
    <x>642.864990</x>
    <y>1073.604980</y>
</screenpoints>
<screenpoints>
    <x>642.864990</x>
    <y>1073.604980</y>
</screenpoints>
<screenpoints>
    <x>642.864990</x>
    <y>1073.604980</y>
</screenpoints>
<screenpoints>
    <x>642.864990</x>
    <y>1073.604980</y>
</screenpoints>
<screenpoints>
    <x>1276.135010</x>
    <y>1073.604980</y>
</screenpoints>
<screenpoints>
    <x>1276.135010</x>
    <y>1073.604980</y>
</screenpoints>
<screenpoints>
    <x>1276.135010</x>
    <y>1073.604980</y>
</screenpoints>
<screenpoints>
    <x>1276.135010</x>
    <y>1073.604980</y>
</screenpoints>
<screenpoints>
    <x>1276.135010</x>
    <y>1073.604980</y>
</screenpoints>
<screenpoints>
    <x>1276.135010</x>
    <y>1073.604980</y>
</screenpoints>
<screenpoints>
    <x>1276.135010</x>
    <y>1073.604980</y>
</screenpoints>
<screenpoints>
    <x>1276.135010</x>
    <y>1073.604980</y>
</screenpoints>
<screenpoints>
    <x>1276.135010</x>
    <y>1073.604980</y>
</screenpoints>
<screenpoints>
    <x>1276.135010</x>
    <y>1073.604980</y>
</screenpoints>
<screenpoints>
    <x>1276.135010</x>
    <y>1073.604980</y>
</screenpoints>
<screenpoints>
    <x>1276.135010</x>
    <y>1073.604980</y>
</screenpoints>
<screenpoints>
    <x>1276.135010</x>
    <y>1073.604980</y>
</screenpoints>
<screenpoints>
    <x>1276.135010</x>
    <y>1073.604980</y>
</screenpoints>
<screenpoints>
    <x>1276.135010</x>
    <y>1073.604980</y>
</screenpoints>
<screenpoints>
    <x>1276.135010</x>
    <y>1073.604980</y>
</screenpoints>
<screenpoints>
    <x>1276.135010</x>
    <y>1073.604980</y>
</screenpoints>
<screenpoints>
    <x>1276.135010</x>
    <y>1073.604980</y>
</screenpoints>
<screenpoints>
    <x>1276.135010</x>
    <y>1073.604980</y>
</screenpoints>
<screenpoints>
    <x>1276.135010</x>
    <y>1073.604980</y>
</screenpoints>
<screenpoints>
    <x>1276.135010</x>
    <y>1073.604980</y>
</screenpoints>
<screenpoints>
    <x>1909.405029</x>
    <y>1073.604980</y>
</screenpoints>
<screenpoints>
    <x>1909.405029</x>
    <y>1073.604980</y>
</screenpoints>
<screenpoints>
    <x>1909.405029</x>
    <y>1073.604980</y>
</screenpoints>
<screenpoints>
    <x>1909.405029</x>
    <y>1073.604980</y>
</screenpoints>
<screenpoints>
    <x>1909.405029</x>
    <y>1073.604980</y>
</screenpoints>
<screenpoints>
    <x>1909.405029</x>
    <y>1073.604980</y>
</screenpoints>
<screenpoints>
    <x>1909.405029</x>
    <y>1073.604980</y>
</screenpoints>
<screenpoints>
    <x>1909.405029</x>
    <y>1073.604980</y>
</screenpoints>
<screenpoints>
    <x>1909.405029</x>
    <y>1073.604980</y>
</screenpoints>
<screenpoints>
    <x>1909.405029</x>
    <y>1073.604980</y>
</screenpoints>
<screenpoints>
    <x>1909.405029</x>
    <y>1073.604980</y>
</screenpoints>
<screenpoints>
    <x>1909.405029</x>
    <y>1073.604980</y>
</screenpoints>
<screenpoints>
    <x>1909.405029</x>
    <y>1073.604980</y>
</screenpoints>
<screenpoints>
    <x>1909.405029</x>
    <y>1073.604980</y>
</screenpoints>
<screenpoints>
    <x>1909.405029</x>
    <y>1073.604980</y>
</screenpoints>
<screenpoints>
    <x>1909.405029</x>
    <y>1073.604980</y>
</screenpoints>
<screenpoints>
    <x>1909.405029</x>
    <y>1073.604980</y>
</screenpoints>
<screenpoints>
    <x>1909.405029</x>
    <y>1073.604980</y>
</screenpoints>
<screenpoints>
    <x>1909.405029</x>
    <y>1073.604980</y>
</screenpoints>
<screenpoints>
    <x>1909.405029</x>
    <y>1073.604980</y>
</screenpoints>
<screenpoints>
    <x>1909.405029</x>
    <y>1073.604980</y>
</screenpoints>
<screenpoints>
    <x>1909.405029</x>
    <y>1073.604980</y>
</screenpoints>
<screenpoints>
    <x>1909.405029</x>
    <y>717.534973</y>
</screenpoints>
<screenpoints>
    <x>1909.405029</x>
    <y>717.534973</y>
</screenpoints>
<screenpoints>
    <x>1909.405029</x>
    <y>717.534973</y>
</screenpoints>
<screenpoints>
    <x>1909.405029</x>
    <y>717.534973</y>
</screenpoints>
<screenpoints>
    <x>1909.405029</x>
    <y>717.534973</y>
</screenpoints>
<screenpoints>
    <x>1909.405029</x>
    <y>717.534973</y>
</screenpoints>
<screenpoints>
    <x>1909.405029</x>
    <y>717.534973</y>
</screenpoints>
<screenpoints>
    <x>1909.405029</x>
    <y>717.534973</y>
</screenpoints>
<screenpoints>
    <x>1909.405029</x>
    <y>717.534973</y>
</screenpoints>
<screenpoints>
    <x>1909.405029</x>
    <y>717.534973</y>
</screenpoints>
<screenpoints>
    <x>1909.405029</x>
    <y>717.534973</y>
</screenpoints>
<screenpoints>
    <x>1909.405029</x>
    <y>717.534973</y>
</screenpoints>
<screenpoints>
    <x>1909.405029</x>
    <y>717.534973</y>
</screenpoints>
<screenpoints>
    <x>1909.405029</x>
    <y>717.534973</y>
</screenpoints>
<screenpoints>
    <x>1909.405029</x>
    <y>717.534973</y>
</screenpoints>
<screenpoints>
    <x>1909.405029</x>
    <y>717.534973</y>
</screenpoints>
<screenpoints>
    <x>1909.405029</x>
    <y>717.534973</y>
</screenpoints>
<screenpoints>
    <x>1909.405029</x>
    <y>717.534973</y>
</screenpoints>
<screenpoints>
    <x>1909.405029</x>
    <y>717.534973</y>
</screenpoints>
<screenpoints>
    <x>1909.405029</x>
    <y>717.534973</y>
</screenpoints>
<screenpoints>
    <x>1909.405029</x>
    <y>717.534973</y>
</screenpoints>
<screenpoints>
    <x>1909.405029</x>
    <y>717.534973</y>
</screenpoints>
<screenpoints>
    <x>1909.405029</x>
    <y>717.534973</y>
</screenpoints>
<screenpoints>
    <x>1909.405029</x>
    <y>717.534973</y>
</screenpoints>
<screenpoints>
    <x>1909.405029</x>
    <y>717.534973</y>
</screenpoints>
<screenpoints>
    <x>1276.135010</x>
    <y>717.534973</y>
</screenpoints>
<screenpoints>
    <x>1276.135010</x>
    <y>717.534973</y>
</screenpoints>
<screenpoints>
    <x>1276.135010</x>
    <y>717.534973</y>
</screenpoints>
<screenpoints>
    <x>1276.135010</x>
    <y>717.534973</y>
</screenpoints>
<screenpoints>
    <x>1276.135010</x>
    <y>717.534973</y>
</screenpoints>
<screenpoints>
    <x>1276.135010</x>
    <y>717.534973</y>
</screenpoints>
<screenpoints>
    <x>1276.135010</x>
    <y>717.534973</y>
</screenpoints>
<screenpoints>
    <x>1276.135010</x>
    <y>717.534973</y>
</screenpoints>
<screenpoints>
    <x>1276.135010</x>
    <y>717.534973</y>
</screenpoints>
<screenpoints>
    <x>1276.135010</x>
    <y>717.534973</y>
</screenpoints>
<screenpoints>
    <x>1276.135010</x>
    <y>717.534973</y>
</screenpoints>
<screenpoints>
    <x>1276.135010</x>
    <y>717.534973</y>
</screenpoints>
<screenpoints>
    <x>1276.135010</x>
    <y>717.534973</y>
</screenpoints>
<screenpoints>
    <x>1276.135010</x>
    <y>717.534973</y>
</screenpoints>
<screenpoints>
    <x>1276.135010</x>
    <y>717.534973</y>
</screenpoints>
<screenpoints>
    <x>1276.135010</x>
    <y>717.534973</y>
</screenpoints>
<screenpoints>
    <x>1276.135010</x>
    <y>717.534973</y>
</screenpoints>
<screenpoints>
    <x>1276.135010</x>
    <y>717.534973</y>
</screenpoints>
<screenpoints>
    <x>1276.135010</x>
    <y>717.534973</y>
</screenpoints>
<screenpoints>
    <x>1276.135010</x>
    <y>717.534973</y>
</screenpoints>
<screenpoints>
    <x>1276.135010</x>
    <y>717.534973</y>
</screenpoints>
<screenpoints>
    <x>642.864990</x>
    <y>717.534973</y>
</screenpoints>
<screenpoints>
    <x>642.864990</x>
    <y>717.534973</y>
</screenpoints>
<screenpoints>
    <x>642.864990</x>
    <y>717.534973</y>
</screenpoints>
<screenpoints>
    <x>642.864990</x>
    <y>717.534973</y>
</screenpoints>
<screenpoints>
    <x>642.864990</x>
    <y>717.534973</y>
</screenpoints>
<screenpoints>
    <x>642.864990</x>
    <y>717.534973</y>
</screenpoints>
<screenpoints>
    <x>642.864990</x>
    <y>717.534973</y>
</screenpoints>
<screenpoints>
    <x>642.864990</x>
    <y>717.534973</y>
</screenpoints>
<screenpoints>
    <x>642.864990</x>
    <y>717.534973</y>
</screenpoints>
<screenpoints>
    <x>642.864990</x>
    <y>717.534973</y>
</screenpoints>
<screenpoints>
    <x>642.864990</x>
    <y>717.534973</y>
</screenpoints>
<screenpoints>
    <x>642.864990</x>
    <y>717.534973</y>
</screenpoints>
<screenpoints>
    <x>642.864990</x>
    <y>717.534973</y>
</screenpoints>
<screenpoints>
    <x>642.864990</x>
    <y>717.534973</y>
</screenpoints>
<screenpoints>
    <x>642.864990</x>
    <y>717.534973</y>
</screenpoints>
<screenpoints>
    <x>642.864990</x>
    <y>717.534973</y>
</screenpoints>
<screenpoints>
    <x>642.864990</x>
    <y>717.534973</y>
</screenpoints>
<screenpoints>
    <x>642.864990</x>
    <y>717.534973</y>
</screenpoints>
<screenpoints>
    <x>642.864990</x>
    <y>717.534973</y>
</screenpoints>
<screenpoints>
    <x>642.864990</x>
    <y>717.534973</y>
</screenpoints>
<screenpoints>
    <x>642.864990</x>
    <y>717.534973</y>
</screenpoints>
<screenpoints>
    <x>9.594999</x>
    <y>717.534973</y>
</screenpoints>
<screenpoints>
    <x>9.594999</x>
    <y>717.534973</y>
</screenpoints>
<screenpoints>
    <x>9.594999</x>
    <y>717.534973</y>
</screenpoints>
<screenpoints>
    <x>9.594999</x>
    <y>717.534973</y>
</screenpoints>
<screenpoints>
    <x>9.594999</x>
    <y>717.534973</y>
</screenpoints>
<screenpoints>
    <x>9.594999</x>
    <y>717.534973</y>
</screenpoints>
<screenpoints>
    <x>9.594999</x>
    <y>717.534973</y>
</screenpoints>
<screenpoints>
    <x>9.594999</x>
    <y>717.534973</y>
</screenpoints>
<screenpoints>
    <x>9.594999</x>
    <y>717.534973</y>
</screenpoints>
<screenpoints>
    <x>9.594999</x>
    <y>717.534973</y>
</screenpoints>
<screenpoints>
    <x>9.594999</x>
    <y>717.534973</y>
</screenpoints>
<screenpoints>
    <x>9.594999</x>
    <y>717.534973</y>
</screenpoints>
<screenpoints>
    <x>9.594999</x>
    <y>717.534973</y>
</screenpoints>
<screenpoints>
    <x>9.594999</x>
    <y>717.534973</y>
</screenpoints>
<screenpoints>
    <x>9.594999</x>
    <y>717.534973</y>
</screenpoints>
<screenpoints>
    <x>9.594999</x>
    <y>717.534973</y>
</screenpoints>
<screenpoints>
    <x>9.594999</x>
    <y>717.534973</y>
</screenpoints>
<screenpoints>
    <x>9.594999</x>
    <y>717.534973</y>
</screenpoints>
<screenpoints>
    <x>9.594999</x>
    <y>717.534973</y>
</screenpoints>
<screenpoints>
    <x>9.594999</x>
    <y>717.534973</y>
</screenpoints>
<screenpoints>
    <x>9.594999</x>
    <y>717.534973</y>
</screenpoints>
<screenpoints>
    <x>9.594999</x>
    <y>717.534973</y>
</screenpoints>
<screenpoints>
    <x>9.594999</x>
    <y>717.534973</y>
</screenpoints>
<screenpoints>
    <x>9.594999</x>
    <y>361.464996</y>
</screenpoints>
<screenpoints>
    <x>9.594999</x>
    <y>361.464996</y>
</screenpoints>
<screenpoints>
    <x>9.594999</x>
    <y>361.464996</y>
</screenpoints>
<screenpoints>
    <x>9.594999</x>
    <y>361.464996</y>
</screenpoints>
<screenpoints>
    <x>9.594999</x>
    <y>361.464996</y>
</screenpoints>
<screenpoints>
    <x>9.594999</x>
    <y>361.464996</y>
</screenpoints>
<screenpoints>
    <x>9.594999</x>
    <y>361.464996</y>
</screenpoints>
<screenpoints>
    <x>9.594999</x>
    <y>361.464996</y>
</screenpoints>
<screenpoints>
    <x>9.594999</x>
    <y>361.464996</y>
</screenpoints>
<screenpoints>
    <x>9.594999</x>
    <y>361.464996</y>
</screenpoints>
<screenpoints>
    <x>9.594999</x>
    <y>361.464996</y>
</screenpoints>
<screenpoints>
    <x>9.594999</x>
    <y>361.464996</y>
</screenpoints>
<screenpoints>
    <x>9.594999</x>
    <y>361.464996</y>
</screenpoints>
<screenpoints>
    <x>9.594999</x>
    <y>361.464996</y>
</screenpoints>
<screenpoints>
    <x>9.594999</x>
    <y>361.464996</y>
</screenpoints>
<screenpoints>
    <x>9.594999</x>
    <y>361.464996</y>
</screenpoints>
<screenpoints>
    <x>9.594999</x>
    <y>361.464996</y>
</screenpoints>
<screenpoints>
    <x>9.594999</x>
    <y>361.464996</y>
</screenpoints>
<screenpoints>
    <x>9.594999</x>
    <y>361.464996</y>
</screenpoints>
<screenpoints>
    <x>9.594999</x>
    <y>361.464996</y>
</screenpoints>
<screenpoints>
    <x>9.594999</x>
    <y>361.464996</y>
</screenpoints>
<screenpoints>
    <x>9.594999</x>
    <y>361.464996</y>
</screenpoints>
<screenpoints>
    <x>9.594999</x>
    <y>361.464996</y>
</screenpoints>
<screenpoints>
    <x>642.864990</x>
    <y>361.464996</y>
</screenpoints>
<screenpoints>
    <x>642.864990</x>
    <y>361.464996</y>
</screenpoints>
<screenpoints>
    <x>642.864990</x>
    <y>361.464996</y>
</screenpoints>
<screenpoints>
    <x>642.864990</x>
    <y>361.464996</y>
</screenpoints>
<screenpoints>
    <x>642.864990</x>
    <y>361.464996</y>
</screenpoints>
<screenpoints>
    <x>642.864990</x>
    <y>361.464996</y>
</screenpoints>
<screenpoints>
    <x>642.864990</x>
    <y>361.464996</y>
</screenpoints>
<screenpoints>
    <x>642.864990</x>
    <y>361.464996</y>
</screenpoints>
<screenpoints>
    <x>642.864990</x>
    <y>361.464996</y>
</screenpoints>
<screenpoints>
    <x>642.864990</x>
    <y>361.464996</y>
</screenpoints>
<screenpoints>
    <x>642.864990</x>
    <y>361.464996</y>
</screenpoints>
<screenpoints>
    <x>642.864990</x>
    <y>361.464996</y>
</screenpoints>
<screenpoints>
    <x>642.864990</x>
    <y>361.464996</y>
</screenpoints>
<screenpoints>
    <x>642.864990</x>
    <y>361.464996</y>
</screenpoints>
<screenpoints>
    <x>642.864990</x>
    <y>361.464996</y>
</screenpoints>
<screenpoints>
    <x>642.864990</x>
    <y>361.464996</y>
</screenpoints>
<screenpoints>
    <x>642.864990</x>
    <y>361.464996</y>
</screenpoints>
<screenpoints>
    <x>642.864990</x>
    <y>361.464996</y>
</screenpoints>
<screenpoints>
    <x>642.864990</x>
    <y>361.464996</y>
</screenpoints>
<screenpoints>
    <x>642.864990</x>
    <y>361.464996</y>
</screenpoints>
<screenpoints>
    <x>642.864990</x>
    <y>361.464996</y>
</screenpoints>
<screenpoints>
    <x>642.864990</x>
    <y>361.464996</y>
</screenpoints>
<screenpoints>
    <x>642.864990</x>
    <y>361.464996</y>
</screenpoints>
<screenpoints>
    <x>642.864990</x>
    <y>361.464996</y>
</screenpoints>
<screenpoints>
    <x>1276.135010</x>
    <y>361.464996</y>
</screenpoints>
<screenpoints>
    <x>1276.135010</x>
    <y>361.464996</y>
</screenpoints>
<screenpoints>
    <x>1276.135010</x>
    <y>361.464996</y>
</screenpoints>
<screenpoints>
    <x>1276.135010</x>
    <y>361.464996</y>
</screenpoints>
<screenpoints>
    <x>1276.135010</x>
    <y>361.464996</y>
</screenpoints>
<screenpoints>
    <x>1276.135010</x>
    <y>361.464996</y>
</screenpoints>
<screenpoints>
    <x>1276.135010</x>
    <y>361.464996</y>
</screenpoints>
<screenpoints>
    <x>1276.135010</x>
    <y>361.464996</y>
</screenpoints>
<screenpoints>
    <x>1276.135010</x>
    <y>361.464996</y>
</screenpoints>
<screenpoints>
    <x>1276.135010</x>
    <y>361.464996</y>
</screenpoints>
<screenpoints>
    <x>1276.135010</x>
    <y>361.464996</y>
</screenpoints>
<screenpoints>
    <x>1276.135010</x>
    <y>361.464996</y>
</screenpoints>
<screenpoints>
    <x>1276.135010</x>
    <y>361.464996</y>
</screenpoints>
<screenpoints>
    <x>1276.135010</x>
    <y>361.464996</y>
</screenpoints>
<screenpoints>
    <x>1276.135010</x>
    <y>361.464996</y>
</screenpoints>
<screenpoints>
    <x>1276.135010</x>
    <y>361.464996</y>
</screenpoints>
<screenpoints>
    <x>1276.135010</x>
    <y>361.464996</y>
</screenpoints>
<screenpoints>
    <x>1276.135010</x>
    <y>361.464996</y>
</screenpoints>
<screenpoints>
    <x>1909.405029</x>
    <y>361.464996</y>
</screenpoints>
<screenpoints>
    <x>1909.405029</x>
    <y>361.464996</y>
</screenpoints>
<screenpoints>
    <x>1909.405029</x>
    <y>361.464996</y>
</screenpoints>
<screenpoints>
    <x>1909.405029</x>
    <y>361.464996</y>
</screenpoints>
<screenpoints>
    <x>1909.405029</x>
    <y>361.464996</y>
</screenpoints>
<screenpoints>
    <x>1909.405029</x>
    <y>361.464996</y>
</screenpoints>
<screenpoints>
    <x>1909.405029</x>
    <y>361.464996</y>
</screenpoints>
<screenpoints>
    <x>1909.405029</x>
    <y>361.464996</y>
</screenpoints>
<screenpoints>
    <x>1909.405029</x>
    <y>361.464996</y>
</screenpoints>
<screenpoints>
    <x>1909.405029</x>
    <y>361.464996</y>
</screenpoints>
<screenpoints>
    <x>1909.405029</x>
    <y>361.464996</y>
</screenpoints>
<screenpoints>
    <x>1909.405029</x>
    <y>361.464996</y>
</screenpoints>
<screenpoints>
    <x>1909.405029</x>
    <y>361.464996</y>
</screenpoints>
<screenpoints>
    <x>1909.405029</x>
    <y>361.464996</y>
</screenpoints>
<screenpoints>
    <x>1909.405029</x>
    <y>361.464996</y>
</screenpoints>
<screenpoints>
    <x>1909.405029</x>
    <y>361.464996</y>
</screenpoints>
<screenpoints>
    <x>1909.405029</x>
    <y>361.464996</y>
</screenpoints>
<screenpoints>
    <x>1909.405029</x>
    <y>361.464996</y>
</screenpoints>
<screenpoints>
    <x>1909.405029</x>
    <y>361.464996</y>
</screenpoints>
<screenpoints>
    <x>1909.405029</x>
    <y>361.464996</y>
</screenpoints>
<screenpoints>
    <x>1909.405029</x>
    <y>361.464996</y>
</screenpoints>
<screenpoints>
    <x>1909.405029</x>
    <y>361.464996</y>
</screenpoints>
<screenpoints>
    <x>1909.405029</x>
    <y>361.464996</y>
</screenpoints>
<screenpoints>
    <x>1909.405029</x>
    <y>361.464996</y>
</screenpoints>
<screenpoints>
    <x>1909.405029</x>
    <y>5.395000</y>
</screenpoints>
<screenpoints>
    <x>1909.405029</x>
    <y>5.395000</y>
</screenpoints>
<screenpoints>
    <x>1909.405029</x>
    <y>5.395000</y>
</screenpoints>
<screenpoints>
    <x>1909.405029</x>
    <y>5.395000</y>
</screenpoints>
<screenpoints>
    <x>1909.405029</x>
    <y>5.395000</y>
</screenpoints>
<screenpoints>
    <x>1909.405029</x>
    <y>5.395000</y>
</screenpoints>
<screenpoints>
    <x>1909.405029</x>
    <y>5.395000</y>
</screenpoints>
<screenpoints>
    <x>1909.405029</x>
    <y>5.395000</y>
</screenpoints>
<screenpoints>
    <x>1909.405029</x>
    <y>5.395000</y>
</screenpoints>
<screenpoints>
    <x>1909.405029</x>
    <y>5.395000</y>
</screenpoints>
<screenpoints>
    <x>1909.405029</x>
    <y>5.395000</y>
</screenpoints>
<screenpoints>
    <x>1909.405029</x>
    <y>5.395000</y>
</screenpoints>
<screenpoints>
    <x>1909.405029</x>
    <y>5.395000</y>
</screenpoints>
<screenpoints>
    <x>1909.405029</x>
    <y>5.395000</y>
</screenpoints>
<screenpoints>
    <x>1909.405029</x>
    <y>5.395000</y>
</screenpoints>
<screenpoints>
    <x>1909.405029</x>
    <y>5.395000</y>
</screenpoints>
<screenpoints>
    <x>1909.405029</x>
    <y>5.395000</y>
</screenpoints>
<screenpoints>
    <x>1909.405029</x>
    <y>5.395000</y>
</screenpoints>
<screenpoints>
    <x>1909.405029</x>
    <y>5.395000</y>
</screenpoints>
<screenpoints>
    <x>1909.405029</x>
    <y>5.395000</y>
</screenpoints>
<screenpoints>
    <x>1909.405029</x>
    <y>5.395000</y>
</screenpoints>
<screenpoints>
    <x>1909.405029</x>
    <y>5.395000</y>
</screenpoints>
<screenpoints>
    <x>1276.135010</x>
    <y>5.395000</y>
</screenpoints>
<screenpoints>
    <x>1276.135010</x>
    <y>5.395000</y>
</screenpoints>
<screenpoints>
    <x>1276.135010</x>
    <y>5.395000</y>
</screenpoints>
<screenpoints>
    <x>1276.135010</x>
    <y>5.395000</y>
</screenpoints>
<screenpoints>
    <x>1276.135010</x>
    <y>5.395000</y>
</screenpoints>
<screenpoints>
    <x>1276.135010</x>
    <y>5.395000</y>
</screenpoints>
<screenpoints>
    <x>1276.135010</x>
    <y>5.395000</y>
</screenpoints>
<screenpoints>
    <x>1276.135010</x>
    <y>5.395000</y>
</screenpoints>
<screenpoints>
    <x>1276.135010</x>
    <y>5.395000</y>
</screenpoints>
<screenpoints>
    <x>1276.135010</x>
    <y>5.395000</y>
</screenpoints>
<screenpoints>
    <x>1276.135010</x>
    <y>5.395000</y>
</screenpoints>
<screenpoints>
    <x>1276.135010</x>
    <y>5.395000</y>
</screenpoints>
<screenpoints>
    <x>1276.135010</x>
    <y>5.395000</y>
</screenpoints>
<screenpoints>
    <x>1276.135010</x>
    <y>5.395000</y>
</screenpoints>
<screenpoints>
    <x>1276.135010</x>
    <y>5.395000</y>
</screenpoints>
<screenpoints>
    <x>1276.135010</x>
    <y>5.395000</y>
</screenpoints>
<screenpoints>
    <x>1276.135010</x>
    <y>5.395000</y>
</screenpoints>
<screenpoints>
    <x>1276.135010</x>
    <y>5.395000</y>
</screenpoints>
<screenpoints>
    <x>1276.135010</x>
    <y>5.395000</y>
</screenpoints>
<screenpoints>
    <x>1276.135010</x>
    <y>5.395000</y>
</screenpoints>
<screenpoints>
    <x>1276.135010</x>
    <y>5.395000</y>
</screenpoints>
<screenpoints>
    <x>1276.135010</x>
    <y>5.395000</y>
</screenpoints>
<screenpoints>
    <x>642.864990</x>
    <y>5.395000</y>
</screenpoints>
<screenpoints>
    <x>642.864990</x>
    <y>5.395000</y>
</screenpoints>
<screenpoints>
    <x>642.864990</x>
    <y>5.395000</y>
</screenpoints>
<screenpoints>
    <x>642.864990</x>
    <y>5.395000</y>
</screenpoints>
<screenpoints>
    <x>642.864990</x>
    <y>5.395000</y>
</screenpoints>
<screenpoints>
    <x>642.864990</x>
    <y>5.395000</y>
</screenpoints>
<screenpoints>
    <x>642.864990</x>
    <y>5.395000</y>
</screenpoints>
<screenpoints>
    <x>642.864990</x>
    <y>5.395000</y>
</screenpoints>
<screenpoints>
    <x>642.864990</x>
    <y>5.395000</y>
</screenpoints>
<screenpoints>
    <x>642.864990</x>
    <y>5.395000</y>
</screenpoints>
<screenpoints>
    <x>642.864990</x>
    <y>5.395000</y>
</screenpoints>
<screenpoints>
    <x>642.864990</x>
    <y>5.395000</y>
</screenpoints>
<screenpoints>
    <x>642.864990</x>
    <y>5.395000</y>
</screenpoints>
<screenpoints>
    <x>642.864990</x>
    <y>5.395000</y>
</screenpoints>
<screenpoints>
    <x>642.864990</x>
    <y>5.395000</y>
</screenpoints>
<screenpoints>
    <x>642.864990</x>
    <y>5.395000</y>
</screenpoints>
<screenpoints>
    <x>642.864990</x>
    <y>5.395000</y>
</screenpoints>
<screenpoints>
    <x>642.864990</x>
    <y>5.395000</y>
</screenpoints>
<screenpoints>
    <x>642.864990</x>
    <y>5.395000</y>
</screenpoints>
<screenpoints>
    <x>642.864990</x>
    <y>5.395000</y>
</screenpoints>
<screenpoints>
    <x>642.864990</x>
    <y>5.395000</y>
</screenpoints>
<screenpoints>
    <x>642.864990</x>
    <y>5.395000</y>
</screenpoints>
<screenpoints>
    <x>9.594999</x>
    <y>5.395000</y>
</screenpoints>
<screenpoints>
    <x>9.594999</x>
    <y>5.395000</y>
</screenpoints>
<screenpoints>
    <x>9.594999</x>
    <y>5.395000</y>
</screenpoints>
<screenpoints>
    <x>9.594999</x>
    <y>5.395000</y>
</screenpoints>
<screenpoints>
    <x>9.594999</x>
    <y>5.395000</y>
</screenpoints>
<screenpoints>
    <x>9.594999</x>
    <y>5.395000</y>
</screenpoints>
<screenpoints>
    <x>9.594999</x>
    <y>5.395000</y>
</screenpoints>
<screenpoints>
    <x>9.594999</x>
    <y>5.395000</y>
</screenpoints>
<screenpoints>
    <x>9.594999</x>
    <y>5.395000</y>
</screenpoints>
<screenpoints>
    <x>9.594999</x>
    <y>5.395000</y>
</screenpoints>
<screenpoints>
    <x>9.594999</x>
    <y>5.395000</y>
</screenpoints>
<screenpoints>
    <x>9.594999</x>
    <y>5.395000</y>
</screenpoints>
<screenpoints>
    <x>9.594999</x>
    <y>5.395000</y>
</screenpoints>
<screenpoints>
    <x>9.594999</x>
    <y>5.395000</y>
</screenpoints>
<screenpoints>
    <x>9.594999</x>
    <y>5.395000</y>
</screenpoints>
<screenpoints>
    <x>9.594999</x>
    <y>5.395000</y>
</screenpoints>
<screenpoints>
    <x>9.594999</x>
    <y>5.395000</y>
</screenpoints>
<screenpoints>
    <x>9.594999</x>
    <y>5.395000</y>
</screenpoints>
<screenpoints>
    <x>9.594999</x>
    <y>5.395000</y>
</screenpoints>
<screenpoints>
    <x>9.594999</x>
    <y>5.395000</y>
</screenpoints>
<screenpoints>
    <x>9.594999</x>
    <y>5.395000</y>
</screenpoints>
<screenpoints>
    <x>9.594999</x>
    <y>5.395000</y>
</screenpoints>
