<B_RIGHT_FLIP_X>0.000000</B_RIGHT_FLIP_X>
<B_RIGHT_FLIP_Y>0.000000</B_RIGHT_FLIP_Y>
<B_USE_CONTRAST>1.000000</B_USE_CONTRAST>
<CONTRAST>0.244444</CONTRAST>
<BRIGHTNESS>-0.444444</BRIGHTNESS>
<B_USE_GAMMA>1.000000</B_USE_GAMMA>
<GAMMA>0.570000</GAMMA>
<THRESHOLD_GAZE>15.583333</THRESHOLD_GAZE>
<B_USE_DILATE>1.000000</B_USE_DILATE>
<N_DILATIONS>0.000000</N_DILATIONS>
<MIN_BLOB>527.777771</MIN_BLOB>
<MAX_BLOB>3927.777832</MAX_BLOB>
<EDGE_MASK_X>200.000000</EDGE_MASK_X>
<EDGE_MASK_Y>124.000000</EDGE_MASK_Y>
<EDGE_MASK_INNER_RADIUS>122.000000</EDGE_MASK_INNER_RADIUS>
<EDGE_MASK_OUTER_RADIUS>122.000000</EDGE_MASK_OUTER_RADIUS>
<VIDEO_SETTINGS>0.000000</VIDEO_SETTINGS>
